"","acronym","month","media"
"1","ACER",2015-07-01,0
"2","ACER",2015-08-01,1
"3","ACER",2015-09-01,1
"4","ACER",2015-10-01,0
"5","ACER",2015-11-01,0
"6","ACER",2015-12-01,0
"7","ACER",2016-01-01,1
"8","ACER",2016-02-01,0
"9","ACER",2016-03-01,0
"10","ACER",2016-04-01,0
"11","ACER",2016-05-01,0
"12","ACER",2016-06-01,0
"13","ACER",2016-07-01,0
"14","ACER",2016-08-01,0
"15","ACER",2016-09-01,0
"16","ACER",2016-10-01,0
"17","ACER",2016-11-01,0
"18","ACER",2016-12-01,1
"19","ACER",2017-01-01,0
"20","ACER",2017-02-01,0
"21","ACER",2017-03-01,0
"22","ACER",2017-04-01,0
"23","ACER",2017-05-01,0
"24","ACER",2017-06-01,1
"25","ACER",2017-07-01,0
"26","ACER",2017-08-01,0
"27","ACER",2017-09-01,0
"28","ACER",2017-10-01,0
"29","ACER",2017-11-01,1
"30","ACER",2017-12-01,0
"31","ACER",2018-01-01,0
"32","ACER",2018-02-01,0
"33","ACER",2018-03-01,0
"34","ACER",2018-04-01,0
"35","ACER",2018-05-01,0
"36","ACER",2018-06-01,1
"37","ACER",2018-07-01,0
"38","ACER",2018-08-01,0
"39","ACER",2018-09-01,1
"40","ACER",2018-10-01,0
"41","ACER",2018-11-01,0
"42","ACER",2018-12-01,0
"43","ACER",2019-01-01,0
"44","ACER",2019-02-01,0
"45","ACER",2019-03-01,0
"46","ACER",2019-04-01,1
"47","ACER",2019-05-01,0
"48","ACER",2019-06-01,0
"49","ACER",2019-07-01,0
"50","ACER",2019-08-01,0
"51","ACER",2019-09-01,0
"52","ACER",2019-10-01,0
"53","ACER",2019-11-01,0
"54","ACER",2019-12-01,0
"55","ACER",2020-01-01,0
"56","ACER",2020-02-01,0
"57","ACER",2020-03-01,0
"58","ACER",2020-04-01,0
"59","ACER",2020-05-01,0
"60","ACER",2020-06-01,0
"61","ACER",2020-07-01,0
"62","ACER",2020-08-01,0
"63","ACER",2020-09-01,0
"64","ACER",2020-10-01,0
"65","ACER",2020-11-01,0
"66","ACER",2020-12-01,0
"67","ACER",2021-01-01,0
"68","ACER",2021-02-01,0
"69","ACER",2021-03-01,0
"70","ACER",2021-04-01,0
"71","ACER",2021-05-01,0
"72","ACER",2021-06-01,0
"73","BEREC OFFICE",2015-07-01,0
"74","BEREC OFFICE",2015-08-01,0
"75","BEREC OFFICE",2015-09-01,0
"76","BEREC OFFICE",2015-10-01,0
"77","BEREC OFFICE",2015-11-01,0
"78","BEREC OFFICE",2015-12-01,0
"79","BEREC OFFICE",2016-01-01,0
"80","BEREC OFFICE",2016-02-01,0
"81","BEREC OFFICE",2016-03-01,0
"82","BEREC OFFICE",2016-04-01,0
"83","BEREC OFFICE",2016-05-01,0
"84","BEREC OFFICE",2016-06-01,1
"85","BEREC OFFICE",2016-07-01,0
"86","BEREC OFFICE",2016-08-01,0
"87","BEREC OFFICE",2016-09-01,3
"88","BEREC OFFICE",2016-10-01,0
"89","BEREC OFFICE",2016-11-01,0
"90","BEREC OFFICE",2016-12-01,0
"91","BEREC OFFICE",2017-01-01,1
"92","BEREC OFFICE",2017-02-01,0
"93","BEREC OFFICE",2017-03-01,0
"94","BEREC OFFICE",2017-04-01,2
"95","BEREC OFFICE",2017-05-01,0
"96","BEREC OFFICE",2017-06-01,2
"97","BEREC OFFICE",2017-07-01,1
"98","BEREC OFFICE",2017-08-01,0
"99","BEREC OFFICE",2017-09-01,0
"100","BEREC OFFICE",2017-10-01,0
"101","BEREC OFFICE",2017-11-01,0
"102","BEREC OFFICE",2017-12-01,0
"103","BEREC OFFICE",2018-01-01,0
"104","BEREC OFFICE",2018-02-01,0
"105","BEREC OFFICE",2018-03-01,0
"106","BEREC OFFICE",2018-04-01,0
"107","BEREC OFFICE",2018-05-01,0
"108","BEREC OFFICE",2018-06-01,0
"109","BEREC OFFICE",2018-07-01,0
"110","BEREC OFFICE",2018-08-01,1
"111","BEREC OFFICE",2018-09-01,0
"112","BEREC OFFICE",2018-10-01,0
"113","BEREC OFFICE",2018-11-01,1
"114","BEREC OFFICE",2018-12-01,0
"115","BEREC OFFICE",2019-01-01,0
"116","BEREC OFFICE",2019-02-01,0
"117","BEREC OFFICE",2019-03-01,0
"118","BEREC OFFICE",2019-04-01,0
"119","BEREC OFFICE",2019-05-01,0
"120","BEREC OFFICE",2019-06-01,0
"121","BEREC OFFICE",2019-07-01,0
"122","BEREC OFFICE",2019-08-01,0
"123","BEREC OFFICE",2019-09-01,0
"124","BEREC OFFICE",2019-10-01,0
"125","BEREC OFFICE",2019-11-01,1
"126","BEREC OFFICE",2019-12-01,0
"127","BEREC OFFICE",2020-01-01,0
"128","BEREC OFFICE",2020-02-01,0
"129","BEREC OFFICE",2020-03-01,0
"130","BEREC OFFICE",2020-04-01,0
"131","BEREC OFFICE",2020-05-01,0
"132","BEREC OFFICE",2020-06-01,0
"133","BEREC OFFICE",2020-07-01,0
"134","BEREC OFFICE",2020-08-01,0
"135","BEREC OFFICE",2020-09-01,0
"136","BEREC OFFICE",2020-10-01,0
"137","BEREC OFFICE",2020-11-01,0
"138","BEREC OFFICE",2020-12-01,0
"139","BEREC OFFICE",2021-01-01,0
"140","BEREC OFFICE",2021-02-01,0
"141","BEREC OFFICE",2021-03-01,0
"142","BEREC OFFICE",2021-04-01,0
"143","BEREC OFFICE",2021-05-01,0
"144","BEREC OFFICE",2021-06-01,0
"145","CEDEFOP",2015-07-01,0
"146","CEDEFOP",2015-08-01,0
"147","CEDEFOP",2015-09-01,0
"148","CEDEFOP",2015-10-01,0
"149","CEDEFOP",2015-11-01,0
"150","CEDEFOP",2015-12-01,0
"151","CEDEFOP",2016-01-01,0
"152","CEDEFOP",2016-02-01,0
"153","CEDEFOP",2016-03-01,0
"154","CEDEFOP",2016-04-01,0
"155","CEDEFOP",2016-05-01,0
"156","CEDEFOP",2016-06-01,0
"157","CEDEFOP",2016-07-01,0
"158","CEDEFOP",2016-08-01,0
"159","CEDEFOP",2016-09-01,0
"160","CEDEFOP",2016-10-01,0
"161","CEDEFOP",2016-11-01,0
"162","CEDEFOP",2016-12-01,1
"163","CEDEFOP",2017-01-01,0
"164","CEDEFOP",2017-02-01,0
"165","CEDEFOP",2017-03-01,0
"166","CEDEFOP",2017-04-01,0
"167","CEDEFOP",2017-05-01,0
"168","CEDEFOP",2017-06-01,0
"169","CEDEFOP",2017-07-01,0
"170","CEDEFOP",2017-08-01,0
"171","CEDEFOP",2017-09-01,0
"172","CEDEFOP",2017-10-01,1
"173","CEDEFOP",2017-11-01,0
"174","CEDEFOP",2017-12-01,0
"175","CEDEFOP",2018-01-01,0
"176","CEDEFOP",2018-02-01,0
"177","CEDEFOP",2018-03-01,0
"178","CEDEFOP",2018-04-01,0
"179","CEDEFOP",2018-05-01,0
"180","CEDEFOP",2018-06-01,0
"181","CEDEFOP",2018-07-01,0
"182","CEDEFOP",2018-08-01,0
"183","CEDEFOP",2018-09-01,0
"184","CEDEFOP",2018-10-01,0
"185","CEDEFOP",2018-11-01,0
"186","CEDEFOP",2018-12-01,0
"187","CEDEFOP",2019-01-01,0
"188","CEDEFOP",2019-02-01,0
"189","CEDEFOP",2019-03-01,0
"190","CEDEFOP",2019-04-01,1
"191","CEDEFOP",2019-05-01,0
"192","CEDEFOP",2019-06-01,0
"193","CEDEFOP",2019-07-01,1
"194","CEDEFOP",2019-08-01,0
"195","CEDEFOP",2019-09-01,0
"196","CEDEFOP",2019-10-01,0
"197","CEDEFOP",2019-11-01,0
"198","CEDEFOP",2019-12-01,1
"199","CEDEFOP",2020-01-01,0
"200","CEDEFOP",2020-02-01,1
"201","CEDEFOP",2020-03-01,0
"202","CEDEFOP",2020-04-01,0
"203","CEDEFOP",2020-05-01,0
"204","CEDEFOP",2020-06-01,2
"205","CEDEFOP",2020-07-01,1
"206","CEDEFOP",2020-08-01,0
"207","CEDEFOP",2020-09-01,0
"208","CEDEFOP",2020-10-01,0
"209","CEDEFOP",2020-11-01,0
"210","CEDEFOP",2020-12-01,0
"211","CEDEFOP",2021-01-01,0
"212","CEDEFOP",2021-02-01,0
"213","CEDEFOP",2021-03-01,0
"214","CEDEFOP",2021-04-01,0
"215","CEDEFOP",2021-05-01,0
"216","CEDEFOP",2021-06-01,0
"217","CPVO",2015-07-01,0
"218","CPVO",2015-08-01,0
"219","CPVO",2015-09-01,0
"220","CPVO",2015-10-01,0
"221","CPVO",2015-11-01,0
"222","CPVO",2015-12-01,0
"223","CPVO",2016-01-01,0
"224","CPVO",2016-02-01,0
"225","CPVO",2016-03-01,0
"226","CPVO",2016-04-01,0
"227","CPVO",2016-05-01,0
"228","CPVO",2016-06-01,0
"229","CPVO",2016-07-01,0
"230","CPVO",2016-08-01,0
"231","CPVO",2016-09-01,0
"232","CPVO",2016-10-01,0
"233","CPVO",2016-11-01,0
"234","CPVO",2016-12-01,0
"235","CPVO",2017-01-01,0
"236","CPVO",2017-02-01,0
"237","CPVO",2017-03-01,0
"238","CPVO",2017-04-01,0
"239","CPVO",2017-05-01,0
"240","CPVO",2017-06-01,0
"241","CPVO",2017-07-01,1
"242","CPVO",2017-08-01,0
"243","CPVO",2017-09-01,0
"244","CPVO",2017-10-01,1
"245","CPVO",2017-11-01,0
"246","CPVO",2017-12-01,0
"247","CPVO",2018-01-01,0
"248","CPVO",2018-02-01,0
"249","CPVO",2018-03-01,0
"250","CPVO",2018-04-01,0
"251","CPVO",2018-05-01,0
"252","CPVO",2018-06-01,0
"253","CPVO",2018-07-01,0
"254","CPVO",2018-08-01,0
"255","CPVO",2018-09-01,0
"256","CPVO",2018-10-01,0
"257","CPVO",2018-11-01,0
"258","CPVO",2018-12-01,0
"259","CPVO",2019-01-01,0
"260","CPVO",2019-02-01,0
"261","CPVO",2019-03-01,0
"262","CPVO",2019-04-01,0
"263","CPVO",2019-05-01,0
"264","CPVO",2019-06-01,1
"265","CPVO",2019-07-01,1
"266","CPVO",2019-08-01,0
"267","CPVO",2019-09-01,0
"268","CPVO",2019-10-01,0
"269","CPVO",2019-11-01,0
"270","CPVO",2019-12-01,0
"271","CPVO",2020-01-01,0
"272","CPVO",2020-02-01,0
"273","CPVO",2020-03-01,0
"274","CPVO",2020-04-01,0
"275","CPVO",2020-05-01,0
"276","CPVO",2020-06-01,0
"277","CPVO",2020-07-01,0
"278","CPVO",2020-08-01,0
"279","CPVO",2020-09-01,0
"280","CPVO",2020-10-01,0
"281","CPVO",2020-11-01,0
"282","CPVO",2020-12-01,0
"283","CPVO",2021-01-01,1
"284","CPVO",2021-02-01,0
"285","CPVO",2021-03-01,1
"286","CPVO",2021-04-01,0
"287","CPVO",2021-05-01,0
"288","CPVO",2021-06-01,0
"289","EASA",2015-07-01,3
"290","EASA",2015-08-01,1
"291","EASA",2015-09-01,4
"292","EASA",2015-10-01,10
"293","EASA",2015-11-01,0
"294","EASA",2015-12-01,1
"295","EASA",2016-01-01,2
"296","EASA",2016-02-01,2
"297","EASA",2016-03-01,5
"298","EASA",2016-04-01,5
"299","EASA",2016-05-01,1
"300","EASA",2016-06-01,4
"301","EASA",2016-07-01,3
"302","EASA",2016-08-01,0
"303","EASA",2016-09-01,3
"304","EASA",2016-10-01,3
"305","EASA",2016-11-01,1
"306","EASA",2016-12-01,2
"307","EASA",2017-01-01,2
"308","EASA",2017-02-01,0
"309","EASA",2017-03-01,8
"310","EASA",2017-04-01,3
"311","EASA",2017-05-01,4
"312","EASA",2017-06-01,6
"313","EASA",2017-07-01,4
"314","EASA",2017-08-01,6
"315","EASA",2017-09-01,0
"316","EASA",2017-10-01,4
"317","EASA",2017-11-01,4
"318","EASA",2017-12-01,8
"319","EASA",2018-01-01,5
"320","EASA",2018-02-01,7
"321","EASA",2018-03-01,9
"322","EASA",2018-04-01,8
"323","EASA",2018-05-01,4
"324","EASA",2018-06-01,9
"325","EASA",2018-07-01,11
"326","EASA",2018-08-01,5
"327","EASA",2018-09-01,4
"328","EASA",2018-10-01,4
"329","EASA",2018-11-01,16
"330","EASA",2018-12-01,8
"331","EASA",2019-01-01,3
"332","EASA",2019-02-01,5
"333","EASA",2019-03-01,33
"334","EASA",2019-04-01,7
"335","EASA",2019-05-01,4
"336","EASA",2019-06-01,4
"337","EASA",2019-07-01,13
"338","EASA",2019-08-01,2
"339","EASA",2019-09-01,3
"340","EASA",2019-10-01,4
"341","EASA",2019-11-01,7
"342","EASA",2019-12-01,5
"343","EASA",2020-01-01,13
"344","EASA",2020-02-01,4
"345","EASA",2020-03-01,7
"346","EASA",2020-04-01,2
"347","EASA",2020-05-01,18
"348","EASA",2020-06-01,29
"349","EASA",2020-07-01,11
"350","EASA",2020-08-01,5
"351","EASA",2020-09-01,5
"352","EASA",2020-10-01,8
"353","EASA",2020-11-01,6
"354","EASA",2020-12-01,7
"355","EASA",2021-01-01,13
"356","EASA",2021-02-01,3
"357","EASA",2021-03-01,2
"358","EASA",2021-04-01,3
"359","EASA",2021-05-01,6
"360","EASA",2021-06-01,6
"361","EBA",2015-07-01,3
"362","EBA",2015-08-01,4
"363","EBA",2015-09-01,7
"364","EBA",2015-10-01,4
"365","EBA",2015-11-01,18
"366","EBA",2015-12-01,4
"367","EBA",2016-01-01,7
"368","EBA",2016-02-01,19
"369","EBA",2016-03-01,7
"370","EBA",2016-04-01,1
"371","EBA",2016-05-01,8
"372","EBA",2016-06-01,27
"373","EBA",2016-07-01,103
"374","EBA",2016-08-01,65
"375","EBA",2016-09-01,22
"376","EBA",2016-10-01,21
"377","EBA",2016-11-01,10
"378","EBA",2016-12-01,18
"379","EBA",2017-01-01,13
"380","EBA",2017-02-01,20
"381","EBA",2017-03-01,12
"382","EBA",2017-04-01,26
"383","EBA",2017-05-01,14
"384","EBA",2017-06-01,35
"385","EBA",2017-07-01,16
"386","EBA",2017-08-01,31
"387","EBA",2017-09-01,17
"388","EBA",2017-10-01,30
"389","EBA",2017-11-01,65
"390","EBA",2017-12-01,19
"391","EBA",2018-01-01,14
"392","EBA",2018-02-01,16
"393","EBA",2018-03-01,10
"394","EBA",2018-04-01,9
"395","EBA",2018-05-01,15
"396","EBA",2018-06-01,22
"397","EBA",2018-07-01,7
"398","EBA",2018-08-01,9
"399","EBA",2018-09-01,12
"400","EBA",2018-10-01,13
"401","EBA",2018-11-01,53
"402","EBA",2018-12-01,6
"403","EBA",2019-01-01,9
"404","EBA",2019-02-01,18
"405","EBA",2019-03-01,24
"406","EBA",2019-04-01,5
"407","EBA",2019-05-01,4
"408","EBA",2019-06-01,5
"409","EBA",2019-07-01,10
"410","EBA",2019-08-01,3
"411","EBA",2019-09-01,12
"412","EBA",2019-10-01,10
"413","EBA",2019-11-01,8
"414","EBA",2019-12-01,7
"415","EBA",2020-01-01,6
"416","EBA",2020-02-01,4
"417","EBA",2020-03-01,14
"418","EBA",2020-04-01,8
"419","EBA",2020-05-01,13
"420","EBA",2020-06-01,13
"421","EBA",2020-07-01,15
"422","EBA",2020-08-01,1
"423","EBA",2020-09-01,13
"424","EBA",2020-10-01,15
"425","EBA",2020-11-01,4
"426","EBA",2020-12-01,11
"427","EBA",2021-01-01,7
"428","EBA",2021-02-01,5
"429","EBA",2021-03-01,10
"430","EBA",2021-04-01,2
"431","EBA",2021-05-01,4
"432","EBA",2021-06-01,2
"433","ECDC",2015-07-01,2
"434","ECDC",2015-08-01,0
"435","ECDC",2015-09-01,3
"436","ECDC",2015-10-01,0
"437","ECDC",2015-11-01,1
"438","ECDC",2015-12-01,2
"439","ECDC",2016-01-01,2
"440","ECDC",2016-02-01,3
"441","ECDC",2016-03-01,0
"442","ECDC",2016-04-01,1
"443","ECDC",2016-05-01,1
"444","ECDC",2016-06-01,1
"445","ECDC",2016-07-01,0
"446","ECDC",2016-08-01,0
"447","ECDC",2016-09-01,0
"448","ECDC",2016-10-01,1
"449","ECDC",2016-11-01,1
"450","ECDC",2016-12-01,1
"451","ECDC",2017-01-01,1
"452","ECDC",2017-02-01,2
"453","ECDC",2017-03-01,1
"454","ECDC",2017-04-01,0
"455","ECDC",2017-05-01,0
"456","ECDC",2017-06-01,0
"457","ECDC",2017-07-01,1
"458","ECDC",2017-08-01,1
"459","ECDC",2017-09-01,6
"460","ECDC",2017-10-01,0
"461","ECDC",2017-11-01,1
"462","ECDC",2017-12-01,2
"463","ECDC",2018-01-01,3
"464","ECDC",2018-02-01,2
"465","ECDC",2018-03-01,2
"466","ECDC",2018-04-01,2
"467","ECDC",2018-05-01,0
"468","ECDC",2018-06-01,0
"469","ECDC",2018-07-01,2
"470","ECDC",2018-08-01,6
"471","ECDC",2018-09-01,0
"472","ECDC",2018-10-01,0
"473","ECDC",2018-11-01,1
"474","ECDC",2018-12-01,0
"475","ECDC",2019-01-01,0
"476","ECDC",2019-02-01,1
"477","ECDC",2019-03-01,1
"478","ECDC",2019-04-01,3
"479","ECDC",2019-05-01,4
"480","ECDC",2019-06-01,1
"481","ECDC",2019-07-01,0
"482","ECDC",2019-08-01,1
"483","ECDC",2019-09-01,1
"484","ECDC",2019-10-01,1
"485","ECDC",2019-11-01,2
"486","ECDC",2019-12-01,0
"487","ECDC",2020-01-01,9
"488","ECDC",2020-02-01,21
"489","ECDC",2020-03-01,20
"490","ECDC",2020-04-01,20
"491","ECDC",2020-05-01,37
"492","ECDC",2020-06-01,28
"493","ECDC",2020-07-01,24
"494","ECDC",2020-08-01,37
"495","ECDC",2020-09-01,31
"496","ECDC",2020-10-01,38
"497","ECDC",2020-11-01,22
"498","ECDC",2020-12-01,20
"499","ECDC",2021-01-01,28
"500","ECDC",2021-02-01,21
"501","ECDC",2021-03-01,16
"502","ECDC",2021-04-01,20
"503","ECDC",2021-05-01,14
"504","ECDC",2021-06-01,24
"505","ECHA",2015-07-01,0
"506","ECHA",2015-08-01,0
"507","ECHA",2015-09-01,0
"508","ECHA",2015-10-01,0
"509","ECHA",2015-11-01,0
"510","ECHA",2015-12-01,0
"511","ECHA",2016-01-01,0
"512","ECHA",2016-02-01,1
"513","ECHA",2016-03-01,0
"514","ECHA",2016-04-01,3
"515","ECHA",2016-05-01,1
"516","ECHA",2016-06-01,2
"517","ECHA",2016-07-01,0
"518","ECHA",2016-08-01,1
"519","ECHA",2016-09-01,1
"520","ECHA",2016-10-01,0
"521","ECHA",2016-11-01,0
"522","ECHA",2016-12-01,0
"523","ECHA",2017-01-01,0
"524","ECHA",2017-02-01,0
"525","ECHA",2017-03-01,4
"526","ECHA",2017-04-01,0
"527","ECHA",2017-05-01,1
"528","ECHA",2017-06-01,7
"529","ECHA",2017-07-01,2
"530","ECHA",2017-08-01,0
"531","ECHA",2017-09-01,4
"532","ECHA",2017-10-01,6
"533","ECHA",2017-11-01,5
"534","ECHA",2017-12-01,3
"535","ECHA",2018-01-01,1
"536","ECHA",2018-02-01,5
"537","ECHA",2018-03-01,10
"538","ECHA",2018-04-01,1
"539","ECHA",2018-05-01,3
"540","ECHA",2018-06-01,1
"541","ECHA",2018-07-01,2
"542","ECHA",2018-08-01,6
"543","ECHA",2018-09-01,3
"544","ECHA",2018-10-01,1
"545","ECHA",2018-11-01,0
"546","ECHA",2018-12-01,2
"547","ECHA",2019-01-01,2
"548","ECHA",2019-02-01,3
"549","ECHA",2019-03-01,4
"550","ECHA",2019-04-01,1
"551","ECHA",2019-05-01,1
"552","ECHA",2019-06-01,0
"553","ECHA",2019-07-01,1
"554","ECHA",2019-08-01,0
"555","ECHA",2019-09-01,0
"556","ECHA",2019-10-01,0
"557","ECHA",2019-11-01,0
"558","ECHA",2019-12-01,0
"559","ECHA",2020-01-01,2
"560","ECHA",2020-02-01,1
"561","ECHA",2020-03-01,2
"562","ECHA",2020-04-01,0
"563","ECHA",2020-05-01,0
"564","ECHA",2020-06-01,1
"565","ECHA",2020-07-01,0
"566","ECHA",2020-08-01,0
"567","ECHA",2020-09-01,1
"568","ECHA",2020-10-01,0
"569","ECHA",2020-11-01,2
"570","ECHA",2020-12-01,0
"571","ECHA",2021-01-01,0
"572","ECHA",2021-02-01,1
"573","ECHA",2021-03-01,0
"574","ECHA",2021-04-01,4
"575","ECHA",2021-05-01,0
"576","ECHA",2021-06-01,0
"577","EEA",2015-07-01,1
"578","EEA",2015-08-01,1
"579","EEA",2015-09-01,5
"580","EEA",2015-10-01,2
"581","EEA",2015-11-01,3
"582","EEA",2015-12-01,27
"583","EEA",2016-01-01,6
"584","EEA",2016-02-01,5
"585","EEA",2016-03-01,2
"586","EEA",2016-04-01,1
"587","EEA",2016-05-01,2
"588","EEA",2016-06-01,7
"589","EEA",2016-07-01,2
"590","EEA",2016-08-01,2
"591","EEA",2016-09-01,3
"592","EEA",2016-10-01,4
"593","EEA",2016-11-01,8
"594","EEA",2016-12-01,4
"595","EEA",2017-01-01,7
"596","EEA",2017-02-01,7
"597","EEA",2017-03-01,3
"598","EEA",2017-04-01,5
"599","EEA",2017-05-01,5
"600","EEA",2017-06-01,4
"601","EEA",2017-07-01,5
"602","EEA",2017-08-01,4
"603","EEA",2017-09-01,1
"604","EEA",2017-10-01,8
"605","EEA",2017-11-01,6
"606","EEA",2017-12-01,1
"607","EEA",2018-01-01,2
"608","EEA",2018-02-01,4
"609","EEA",2018-03-01,1
"610","EEA",2018-04-01,5
"611","EEA",2018-05-01,1
"612","EEA",2018-06-01,2
"613","EEA",2018-07-01,4
"614","EEA",2018-08-01,0
"615","EEA",2018-09-01,2
"616","EEA",2018-10-01,2
"617","EEA",2018-11-01,8
"618","EEA",2018-12-01,3
"619","EEA",2019-01-01,8
"620","EEA",2019-02-01,3
"621","EEA",2019-03-01,3
"622","EEA",2019-04-01,5
"623","EEA",2019-05-01,7
"624","EEA",2019-06-01,7
"625","EEA",2019-07-01,4
"626","EEA",2019-08-01,5
"627","EEA",2019-09-01,7
"628","EEA",2019-10-01,6
"629","EEA",2019-11-01,6
"630","EEA",2019-12-01,8
"631","EEA",2020-01-01,5
"632","EEA",2020-02-01,8
"633","EEA",2020-03-01,9
"634","EEA",2020-04-01,3
"635","EEA",2020-05-01,1
"636","EEA",2020-06-01,9
"637","EEA",2020-07-01,5
"638","EEA",2020-08-01,1
"639","EEA",2020-09-01,7
"640","EEA",2020-10-01,5
"641","EEA",2020-11-01,6
"642","EEA",2020-12-01,4
"643","EEA",2021-01-01,8
"644","EEA",2021-02-01,2
"645","EEA",2021-03-01,2
"646","EEA",2021-04-01,4
"647","EEA",2021-05-01,3
"648","EEA",2021-06-01,8
"649","EFCA",2015-07-01,0
"650","EFCA",2015-08-01,0
"651","EFCA",2015-09-01,0
"652","EFCA",2015-10-01,0
"653","EFCA",2015-11-01,1
"654","EFCA",2015-12-01,0
"655","EFCA",2016-01-01,0
"656","EFCA",2016-02-01,0
"657","EFCA",2016-03-01,0
"658","EFCA",2016-04-01,0
"659","EFCA",2016-05-01,0
"660","EFCA",2016-06-01,0
"661","EFCA",2016-07-01,0
"662","EFCA",2016-08-01,0
"663","EFCA",2016-09-01,0
"664","EFCA",2016-10-01,0
"665","EFCA",2016-11-01,0
"666","EFCA",2016-12-01,0
"667","EFCA",2017-01-01,0
"668","EFCA",2017-02-01,0
"669","EFCA",2017-03-01,0
"670","EFCA",2017-04-01,0
"671","EFCA",2017-05-01,0
"672","EFCA",2017-06-01,0
"673","EFCA",2017-07-01,0
"674","EFCA",2017-08-01,0
"675","EFCA",2017-09-01,0
"676","EFCA",2017-10-01,0
"677","EFCA",2017-11-01,0
"678","EFCA",2017-12-01,0
"679","EFCA",2018-01-01,1
"680","EFCA",2018-02-01,0
"681","EFCA",2018-03-01,0
"682","EFCA",2018-04-01,0
"683","EFCA",2018-05-01,0
"684","EFCA",2018-06-01,0
"685","EFCA",2018-07-01,0
"686","EFCA",2018-08-01,0
"687","EFCA",2018-09-01,0
"688","EFCA",2018-10-01,0
"689","EFCA",2018-11-01,0
"690","EFCA",2018-12-01,0
"691","EFCA",2019-01-01,0
"692","EFCA",2019-02-01,0
"693","EFCA",2019-03-01,0
"694","EFCA",2019-04-01,0
"695","EFCA",2019-05-01,0
"696","EFCA",2019-06-01,0
"697","EFCA",2019-07-01,0
"698","EFCA",2019-08-01,0
"699","EFCA",2019-09-01,0
"700","EFCA",2019-10-01,0
"701","EFCA",2019-11-01,0
"702","EFCA",2019-12-01,0
"703","EFCA",2020-01-01,0
"704","EFCA",2020-02-01,0
"705","EFCA",2020-03-01,0
"706","EFCA",2020-04-01,0
"707","EFCA",2020-05-01,0
"708","EFCA",2020-06-01,0
"709","EFCA",2020-07-01,0
"710","EFCA",2020-08-01,0
"711","EFCA",2020-09-01,0
"712","EFCA",2020-10-01,0
"713","EFCA",2020-11-01,0
"714","EFCA",2020-12-01,1
"715","EFCA",2021-01-01,0
"716","EFCA",2021-02-01,0
"717","EFCA",2021-03-01,0
"718","EFCA",2021-04-01,0
"719","EFCA",2021-05-01,0
"720","EFCA",2021-06-01,1
"721","EFSA",2015-07-01,6
"722","EFSA",2015-08-01,10
"723","EFSA",2015-09-01,4
"724","EFSA",2015-10-01,6
"725","EFSA",2015-11-01,10
"726","EFSA",2015-12-01,4
"727","EFSA",2016-01-01,3
"728","EFSA",2016-02-01,6
"729","EFSA",2016-03-01,23
"730","EFSA",2016-04-01,14
"731","EFSA",2016-05-01,16
"732","EFSA",2016-06-01,10
"733","EFSA",2016-07-01,7
"734","EFSA",2016-08-01,7
"735","EFSA",2016-09-01,2
"736","EFSA",2016-10-01,11
"737","EFSA",2016-11-01,4
"738","EFSA",2016-12-01,2
"739","EFSA",2017-01-01,7
"740","EFSA",2017-02-01,7
"741","EFSA",2017-03-01,6
"742","EFSA",2017-04-01,9
"743","EFSA",2017-05-01,14
"744","EFSA",2017-06-01,11
"745","EFSA",2017-07-01,15
"746","EFSA",2017-08-01,5
"747","EFSA",2017-09-01,11
"748","EFSA",2017-10-01,22
"749","EFSA",2017-11-01,10
"750","EFSA",2017-12-01,7
"751","EFSA",2018-01-01,9
"752","EFSA",2018-02-01,10
"753","EFSA",2018-03-01,17
"754","EFSA",2018-04-01,13
"755","EFSA",2018-05-01,9
"756","EFSA",2018-06-01,6
"757","EFSA",2018-07-01,13
"758","EFSA",2018-08-01,15
"759","EFSA",2018-09-01,3
"760","EFSA",2018-10-01,8
"761","EFSA",2018-11-01,6
"762","EFSA",2018-12-01,4
"763","EFSA",2019-01-01,4
"764","EFSA",2019-02-01,7
"765","EFSA",2019-03-01,18
"766","EFSA",2019-04-01,6
"767","EFSA",2019-05-01,10
"768","EFSA",2019-06-01,9
"769","EFSA",2019-07-01,12
"770","EFSA",2019-08-01,14
"771","EFSA",2019-09-01,6
"772","EFSA",2019-10-01,8
"773","EFSA",2019-11-01,9
"774","EFSA",2019-12-01,8
"775","EFSA",2020-01-01,8
"776","EFSA",2020-02-01,3
"777","EFSA",2020-03-01,6
"778","EFSA",2020-04-01,2
"779","EFSA",2020-05-01,5
"780","EFSA",2020-06-01,2
"781","EFSA",2020-07-01,3
"782","EFSA",2020-08-01,2
"783","EFSA",2020-09-01,2
"784","EFSA",2020-10-01,2
"785","EFSA",2020-11-01,1
"786","EFSA",2020-12-01,0
"787","EFSA",2021-01-01,10
"788","EFSA",2021-02-01,3
"789","EFSA",2021-03-01,2
"790","EFSA",2021-04-01,6
"791","EFSA",2021-05-01,10
"792","EFSA",2021-06-01,2
"793","EIGE",2015-07-01,0
"794","EIGE",2015-08-01,0
"795","EIGE",2015-09-01,0
"796","EIGE",2015-10-01,1
"797","EIGE",2015-11-01,1
"798","EIGE",2015-12-01,0
"799","EIGE",2016-01-01,0
"800","EIGE",2016-02-01,0
"801","EIGE",2016-03-01,0
"802","EIGE",2016-04-01,0
"803","EIGE",2016-05-01,0
"804","EIGE",2016-06-01,0
"805","EIGE",2016-07-01,0
"806","EIGE",2016-08-01,1
"807","EIGE",2016-09-01,0
"808","EIGE",2016-10-01,0
"809","EIGE",2016-11-01,0
"810","EIGE",2016-12-01,0
"811","EIGE",2017-01-01,0
"812","EIGE",2017-02-01,0
"813","EIGE",2017-03-01,1
"814","EIGE",2017-04-01,0
"815","EIGE",2017-05-01,1
"816","EIGE",2017-06-01,1
"817","EIGE",2017-07-01,0
"818","EIGE",2017-08-01,0
"819","EIGE",2017-09-01,1
"820","EIGE",2017-10-01,3
"821","EIGE",2017-11-01,1
"822","EIGE",2017-12-01,0
"823","EIGE",2018-01-01,0
"824","EIGE",2018-02-01,1
"825","EIGE",2018-03-01,1
"826","EIGE",2018-04-01,2
"827","EIGE",2018-05-01,0
"828","EIGE",2018-06-01,1
"829","EIGE",2018-07-01,0
"830","EIGE",2018-08-01,0
"831","EIGE",2018-09-01,0
"832","EIGE",2018-10-01,2
"833","EIGE",2018-11-01,3
"834","EIGE",2018-12-01,0
"835","EIGE",2019-01-01,1
"836","EIGE",2019-02-01,0
"837","EIGE",2019-03-01,1
"838","EIGE",2019-04-01,1
"839","EIGE",2019-05-01,1
"840","EIGE",2019-06-01,1
"841","EIGE",2019-07-01,1
"842","EIGE",2019-08-01,1
"843","EIGE",2019-09-01,0
"844","EIGE",2019-10-01,2
"845","EIGE",2019-11-01,5
"846","EIGE",2019-12-01,0
"847","EIGE",2020-01-01,0
"848","EIGE",2020-02-01,2
"849","EIGE",2020-03-01,1
"850","EIGE",2020-04-01,2
"851","EIGE",2020-05-01,0
"852","EIGE",2020-06-01,1
"853","EIGE",2020-07-01,0
"854","EIGE",2020-08-01,0
"855","EIGE",2020-09-01,0
"856","EIGE",2020-10-01,2
"857","EIGE",2020-11-01,0
"858","EIGE",2020-12-01,0
"859","EIGE",2021-01-01,0
"860","EIGE",2021-02-01,0
"861","EIGE",2021-03-01,6
"862","EIGE",2021-04-01,0
"863","EIGE",2021-05-01,1
"864","EIGE",2021-06-01,0
"865","EIOPA",2015-07-01,1
"866","EIOPA",2015-08-01,0
"867","EIOPA",2015-09-01,0
"868","EIOPA",2015-10-01,0
"869","EIOPA",2015-11-01,0
"870","EIOPA",2015-12-01,1
"871","EIOPA",2016-01-01,0
"872","EIOPA",2016-02-01,0
"873","EIOPA",2016-03-01,0
"874","EIOPA",2016-04-01,0
"875","EIOPA",2016-05-01,1
"876","EIOPA",2016-06-01,1
"877","EIOPA",2016-07-01,0
"878","EIOPA",2016-08-01,0
"879","EIOPA",2016-09-01,0
"880","EIOPA",2016-10-01,0
"881","EIOPA",2016-11-01,0
"882","EIOPA",2016-12-01,0
"883","EIOPA",2017-01-01,0
"884","EIOPA",2017-02-01,1
"885","EIOPA",2017-03-01,0
"886","EIOPA",2017-04-01,0
"887","EIOPA",2017-05-01,2
"888","EIOPA",2017-06-01,1
"889","EIOPA",2017-07-01,1
"890","EIOPA",2017-08-01,1
"891","EIOPA",2017-09-01,1
"892","EIOPA",2017-10-01,0
"893","EIOPA",2017-11-01,3
"894","EIOPA",2017-12-01,0
"895","EIOPA",2018-01-01,0
"896","EIOPA",2018-02-01,0
"897","EIOPA",2018-03-01,0
"898","EIOPA",2018-04-01,1
"899","EIOPA",2018-05-01,1
"900","EIOPA",2018-06-01,0
"901","EIOPA",2018-07-01,1
"902","EIOPA",2018-08-01,0
"903","EIOPA",2018-09-01,0
"904","EIOPA",2018-10-01,0
"905","EIOPA",2018-11-01,0
"906","EIOPA",2018-12-01,0
"907","EIOPA",2019-01-01,0
"908","EIOPA",2019-02-01,2
"909","EIOPA",2019-03-01,0
"910","EIOPA",2019-04-01,0
"911","EIOPA",2019-05-01,2
"912","EIOPA",2019-06-01,0
"913","EIOPA",2019-07-01,0
"914","EIOPA",2019-08-01,0
"915","EIOPA",2019-09-01,0
"916","EIOPA",2019-10-01,0
"917","EIOPA",2019-11-01,0
"918","EIOPA",2019-12-01,0
"919","EIOPA",2020-01-01,0
"920","EIOPA",2020-02-01,0
"921","EIOPA",2020-03-01,2
"922","EIOPA",2020-04-01,8
"923","EIOPA",2020-05-01,0
"924","EIOPA",2020-06-01,2
"925","EIOPA",2020-07-01,0
"926","EIOPA",2020-08-01,1
"927","EIOPA",2020-09-01,0
"928","EIOPA",2020-10-01,0
"929","EIOPA",2020-11-01,1
"930","EIOPA",2020-12-01,0
"931","EIOPA",2021-01-01,0
"932","EIOPA",2021-02-01,0
"933","EIOPA",2021-03-01,0
"934","EIOPA",2021-04-01,1
"935","EIOPA",2021-05-01,0
"936","EIOPA",2021-06-01,0
"937","EMA",2015-07-01,13
"938","EMA",2015-08-01,4
"939","EMA",2015-09-01,5
"940","EMA",2015-10-01,8
"941","EMA",2015-11-01,7
"942","EMA",2015-12-01,10
"943","EMA",2016-01-01,4
"944","EMA",2016-02-01,8
"945","EMA",2016-03-01,4
"946","EMA",2016-04-01,4
"947","EMA",2016-05-01,11
"948","EMA",2016-06-01,13
"949","EMA",2016-07-01,26
"950","EMA",2016-08-01,7
"951","EMA",2016-09-01,13
"952","EMA",2016-10-01,22
"953","EMA",2016-11-01,11
"954","EMA",2016-12-01,8
"955","EMA",2017-01-01,19
"956","EMA",2017-02-01,33
"957","EMA",2017-03-01,24
"958","EMA",2017-04-01,28
"959","EMA",2017-05-01,13
"960","EMA",2017-06-01,26
"961","EMA",2017-07-01,33
"962","EMA",2017-08-01,34
"963","EMA",2017-09-01,48
"964","EMA",2017-10-01,54
"965","EMA",2017-11-01,78
"966","EMA",2017-12-01,14
"967","EMA",2018-01-01,24
"968","EMA",2018-02-01,30
"969","EMA",2018-03-01,26
"970","EMA",2018-04-01,8
"971","EMA",2018-05-01,3
"972","EMA",2018-06-01,17
"973","EMA",2018-07-01,25
"974","EMA",2018-08-01,17
"975","EMA",2018-09-01,16
"976","EMA",2018-10-01,12
"977","EMA",2018-11-01,13
"978","EMA",2018-12-01,11
"979","EMA",2019-01-01,20
"980","EMA",2019-02-01,23
"981","EMA",2019-03-01,10
"982","EMA",2019-04-01,15
"983","EMA",2019-05-01,7
"984","EMA",2019-06-01,8
"985","EMA",2019-07-01,14
"986","EMA",2019-08-01,5
"987","EMA",2019-09-01,6
"988","EMA",2019-10-01,8
"989","EMA",2019-11-01,7
"990","EMA",2019-12-01,7
"991","EMA",2020-01-01,7
"992","EMA",2020-02-01,5
"993","EMA",2020-03-01,14
"994","EMA",2020-04-01,10
"995","EMA",2020-05-01,14
"996","EMA",2020-06-01,11
"997","EMA",2020-07-01,16
"998","EMA",2020-08-01,13
"999","EMA",2020-09-01,16
"1000","EMA",2020-10-01,15
"1001","EMA",2020-11-01,51
"1002","EMA",2020-12-01,185
"1003","EMA",2021-01-01,195
"1004","EMA",2021-02-01,125
"1005","EMA",2021-03-01,334
"1006","EMA",2021-04-01,252
"1007","EMA",2021-05-01,91
"1008","EMA",2021-06-01,73
"1009","EMCDDA",2015-07-01,2
"1010","EMCDDA",2015-08-01,1
"1011","EMCDDA",2015-09-01,1
"1012","EMCDDA",2015-10-01,0
"1013","EMCDDA",2015-11-01,0
"1014","EMCDDA",2015-12-01,0
"1015","EMCDDA",2016-01-01,0
"1016","EMCDDA",2016-02-01,3
"1017","EMCDDA",2016-03-01,2
"1018","EMCDDA",2016-04-01,4
"1019","EMCDDA",2016-05-01,5
"1020","EMCDDA",2016-06-01,6
"1021","EMCDDA",2016-07-01,0
"1022","EMCDDA",2016-08-01,1
"1023","EMCDDA",2016-09-01,2
"1024","EMCDDA",2016-10-01,2
"1025","EMCDDA",2016-11-01,0
"1026","EMCDDA",2016-12-01,3
"1027","EMCDDA",2017-01-01,0
"1028","EMCDDA",2017-02-01,0
"1029","EMCDDA",2017-03-01,0
"1030","EMCDDA",2017-04-01,0
"1031","EMCDDA",2017-05-01,0
"1032","EMCDDA",2017-06-01,11
"1033","EMCDDA",2017-07-01,1
"1034","EMCDDA",2017-08-01,0
"1035","EMCDDA",2017-09-01,3
"1036","EMCDDA",2017-10-01,0
"1037","EMCDDA",2017-11-01,0
"1038","EMCDDA",2017-12-01,1
"1039","EMCDDA",2018-01-01,1
"1040","EMCDDA",2018-02-01,3
"1041","EMCDDA",2018-03-01,2
"1042","EMCDDA",2018-04-01,1
"1043","EMCDDA",2018-05-01,1
"1044","EMCDDA",2018-06-01,4
"1045","EMCDDA",2018-07-01,5
"1046","EMCDDA",2018-08-01,8
"1047","EMCDDA",2018-09-01,2
"1048","EMCDDA",2018-10-01,3
"1049","EMCDDA",2018-11-01,2
"1050","EMCDDA",2018-12-01,6
"1051","EMCDDA",2019-01-01,2
"1052","EMCDDA",2019-02-01,0
"1053","EMCDDA",2019-03-01,4
"1054","EMCDDA",2019-04-01,1
"1055","EMCDDA",2019-05-01,0
"1056","EMCDDA",2019-06-01,11
"1057","EMCDDA",2019-07-01,1
"1058","EMCDDA",2019-08-01,1
"1059","EMCDDA",2019-09-01,0
"1060","EMCDDA",2019-10-01,1
"1061","EMCDDA",2019-11-01,8
"1062","EMCDDA",2019-12-01,0
"1063","EMCDDA",2020-01-01,1
"1064","EMCDDA",2020-02-01,1
"1065","EMCDDA",2020-03-01,3
"1066","EMCDDA",2020-04-01,0
"1067","EMCDDA",2020-05-01,3
"1068","EMCDDA",2020-06-01,1
"1069","EMCDDA",2020-07-01,0
"1070","EMCDDA",2020-08-01,0
"1071","EMCDDA",2020-09-01,1
"1072","EMCDDA",2020-10-01,0
"1073","EMCDDA",2020-11-01,2
"1074","EMCDDA",2020-12-01,0
"1075","EMCDDA",2021-01-01,1
"1076","EMCDDA",2021-02-01,0
"1077","EMCDDA",2021-03-01,0
"1078","EMCDDA",2021-04-01,0
"1079","EMCDDA",2021-05-01,1
"1080","EMCDDA",2021-06-01,4
"1081","EMSA",2015-07-01,0
"1082","EMSA",2015-08-01,0
"1083","EMSA",2015-09-01,0
"1084","EMSA",2015-10-01,0
"1085","EMSA",2015-11-01,0
"1086","EMSA",2015-12-01,0
"1087","EMSA",2016-01-01,0
"1088","EMSA",2016-02-01,0
"1089","EMSA",2016-03-01,0
"1090","EMSA",2016-04-01,1
"1091","EMSA",2016-05-01,0
"1092","EMSA",2016-06-01,0
"1093","EMSA",2016-07-01,0
"1094","EMSA",2016-08-01,0
"1095","EMSA",2016-09-01,0
"1096","EMSA",2016-10-01,0
"1097","EMSA",2016-11-01,0
"1098","EMSA",2016-12-01,0
"1099","EMSA",2017-01-01,1
"1100","EMSA",2017-02-01,0
"1101","EMSA",2017-03-01,0
"1102","EMSA",2017-04-01,0
"1103","EMSA",2017-05-01,0
"1104","EMSA",2017-06-01,0
"1105","EMSA",2017-07-01,0
"1106","EMSA",2017-08-01,0
"1107","EMSA",2017-09-01,0
"1108","EMSA",2017-10-01,0
"1109","EMSA",2017-11-01,0
"1110","EMSA",2017-12-01,0
"1111","EMSA",2018-01-01,0
"1112","EMSA",2018-02-01,1
"1113","EMSA",2018-03-01,0
"1114","EMSA",2018-04-01,0
"1115","EMSA",2018-05-01,0
"1116","EMSA",2018-06-01,0
"1117","EMSA",2018-07-01,0
"1118","EMSA",2018-08-01,0
"1119","EMSA",2018-09-01,0
"1120","EMSA",2018-10-01,0
"1121","EMSA",2018-11-01,0
"1122","EMSA",2018-12-01,0
"1123","EMSA",2019-01-01,0
"1124","EMSA",2019-02-01,0
"1125","EMSA",2019-03-01,1
"1126","EMSA",2019-04-01,0
"1127","EMSA",2019-05-01,0
"1128","EMSA",2019-06-01,0
"1129","EMSA",2019-07-01,1
"1130","EMSA",2019-08-01,2
"1131","EMSA",2019-09-01,0
"1132","EMSA",2019-10-01,0
"1133","EMSA",2019-11-01,0
"1134","EMSA",2019-12-01,0
"1135","EMSA",2020-01-01,0
"1136","EMSA",2020-02-01,1
"1137","EMSA",2020-03-01,0
"1138","EMSA",2020-04-01,0
"1139","EMSA",2020-05-01,1
"1140","EMSA",2020-06-01,0
"1141","EMSA",2020-07-01,0
"1142","EMSA",2020-08-01,0
"1143","EMSA",2020-09-01,0
"1144","EMSA",2020-10-01,0
"1145","EMSA",2020-11-01,0
"1146","EMSA",2020-12-01,0
"1147","EMSA",2021-01-01,0
"1148","EMSA",2021-02-01,1
"1149","EMSA",2021-03-01,0
"1150","EMSA",2021-04-01,0
"1151","EMSA",2021-05-01,0
"1152","EMSA",2021-06-01,0
"1153","ENISA",2015-07-01,0
"1154","ENISA",2015-08-01,0
"1155","ENISA",2015-09-01,1
"1156","ENISA",2015-10-01,0
"1157","ENISA",2015-11-01,0
"1158","ENISA",2015-12-01,0
"1159","ENISA",2016-01-01,0
"1160","ENISA",2016-02-01,0
"1161","ENISA",2016-03-01,0
"1162","ENISA",2016-04-01,0
"1163","ENISA",2016-05-01,0
"1164","ENISA",2016-06-01,0
"1165","ENISA",2016-07-01,0
"1166","ENISA",2016-08-01,0
"1167","ENISA",2016-09-01,0
"1168","ENISA",2016-10-01,0
"1169","ENISA",2016-11-01,0
"1170","ENISA",2016-12-01,0
"1171","ENISA",2017-01-01,0
"1172","ENISA",2017-02-01,0
"1173","ENISA",2017-03-01,0
"1174","ENISA",2017-04-01,0
"1175","ENISA",2017-05-01,1
"1176","ENISA",2017-06-01,0
"1177","ENISA",2017-07-01,0
"1178","ENISA",2017-08-01,0
"1179","ENISA",2017-09-01,2
"1180","ENISA",2017-10-01,2
"1181","ENISA",2017-11-01,0
"1182","ENISA",2017-12-01,0
"1183","ENISA",2018-01-01,1
"1184","ENISA",2018-02-01,0
"1185","ENISA",2018-03-01,0
"1186","ENISA",2018-04-01,0
"1187","ENISA",2018-05-01,0
"1188","ENISA",2018-06-01,0
"1189","ENISA",2018-07-01,0
"1190","ENISA",2018-08-01,0
"1191","ENISA",2018-09-01,0
"1192","ENISA",2018-10-01,0
"1193","ENISA",2018-11-01,0
"1194","ENISA",2018-12-01,0
"1195","ENISA",2019-01-01,0
"1196","ENISA",2019-02-01,0
"1197","ENISA",2019-03-01,0
"1198","ENISA",2019-04-01,0
"1199","ENISA",2019-05-01,0
"1200","ENISA",2019-06-01,0
"1201","ENISA",2019-07-01,0
"1202","ENISA",2019-08-01,0
"1203","ENISA",2019-09-01,0
"1204","ENISA",2019-10-01,0
"1205","ENISA",2019-11-01,0
"1206","ENISA",2019-12-01,0
"1207","ENISA",2020-01-01,0
"1208","ENISA",2020-02-01,0
"1209","ENISA",2020-03-01,0
"1210","ENISA",2020-04-01,0
"1211","ENISA",2020-05-01,0
"1212","ENISA",2020-06-01,0
"1213","ENISA",2020-07-01,0
"1214","ENISA",2020-08-01,0
"1215","ENISA",2020-09-01,0
"1216","ENISA",2020-10-01,0
"1217","ENISA",2020-11-01,0
"1218","ENISA",2020-12-01,0
"1219","ENISA",2021-01-01,0
"1220","ENISA",2021-02-01,0
"1221","ENISA",2021-03-01,0
"1222","ENISA",2021-04-01,0
"1223","ENISA",2021-05-01,0
"1224","ENISA",2021-06-01,0
"1225","ERA",2015-07-01,0
"1226","ERA",2015-08-01,1
"1227","ERA",2015-09-01,0
"1228","ERA",2015-10-01,0
"1229","ERA",2015-11-01,0
"1230","ERA",2015-12-01,0
"1231","ERA",2016-01-01,0
"1232","ERA",2016-02-01,0
"1233","ERA",2016-03-01,0
"1234","ERA",2016-04-01,0
"1235","ERA",2016-05-01,0
"1236","ERA",2016-06-01,0
"1237","ERA",2016-07-01,0
"1238","ERA",2016-08-01,0
"1239","ERA",2016-09-01,0
"1240","ERA",2016-10-01,0
"1241","ERA",2016-11-01,0
"1242","ERA",2016-12-01,0
"1243","ERA",2017-01-01,0
"1244","ERA",2017-02-01,0
"1245","ERA",2017-03-01,1
"1246","ERA",2017-04-01,0
"1247","ERA",2017-05-01,0
"1248","ERA",2017-06-01,0
"1249","ERA",2017-07-01,0
"1250","ERA",2017-08-01,0
"1251","ERA",2017-09-01,0
"1252","ERA",2017-10-01,0
"1253","ERA",2017-11-01,0
"1254","ERA",2017-12-01,0
"1255","ERA",2018-01-01,0
"1256","ERA",2018-02-01,0
"1257","ERA",2018-03-01,0
"1258","ERA",2018-04-01,0
"1259","ERA",2018-05-01,0
"1260","ERA",2018-06-01,0
"1261","ERA",2018-07-01,0
"1262","ERA",2018-08-01,0
"1263","ERA",2018-09-01,1
"1264","ERA",2018-10-01,0
"1265","ERA",2018-11-01,0
"1266","ERA",2018-12-01,0
"1267","ERA",2019-01-01,0
"1268","ERA",2019-02-01,0
"1269","ERA",2019-03-01,1
"1270","ERA",2019-04-01,0
"1271","ERA",2019-05-01,0
"1272","ERA",2019-06-01,0
"1273","ERA",2019-07-01,0
"1274","ERA",2019-08-01,0
"1275","ERA",2019-09-01,0
"1276","ERA",2019-10-01,0
"1277","ERA",2019-11-01,0
"1278","ERA",2019-12-01,0
"1279","ERA",2020-01-01,0
"1280","ERA",2020-02-01,0
"1281","ERA",2020-03-01,0
"1282","ERA",2020-04-01,0
"1283","ERA",2020-05-01,0
"1284","ERA",2020-06-01,0
"1285","ERA",2020-07-01,0
"1286","ERA",2020-08-01,0
"1287","ERA",2020-09-01,0
"1288","ERA",2020-10-01,0
"1289","ERA",2020-11-01,0
"1290","ERA",2020-12-01,0
"1291","ERA",2021-01-01,0
"1292","ERA",2021-02-01,0
"1293","ERA",2021-03-01,0
"1294","ERA",2021-04-01,0
"1295","ERA",2021-05-01,0
"1296","ERA",2021-06-01,0
"1297","ESMA",2015-07-01,2
"1298","ESMA",2015-08-01,0
"1299","ESMA",2015-09-01,1
"1300","ESMA",2015-10-01,0
"1301","ESMA",2015-11-01,1
"1302","ESMA",2015-12-01,1
"1303","ESMA",2016-01-01,1
"1304","ESMA",2016-02-01,2
"1305","ESMA",2016-03-01,1
"1306","ESMA",2016-04-01,1
"1307","ESMA",2016-05-01,2
"1308","ESMA",2016-06-01,3
"1309","ESMA",2016-07-01,2
"1310","ESMA",2016-08-01,0
"1311","ESMA",2016-09-01,2
"1312","ESMA",2016-10-01,0
"1313","ESMA",2016-11-01,1
"1314","ESMA",2016-12-01,3
"1315","ESMA",2017-01-01,2
"1316","ESMA",2017-02-01,2
"1317","ESMA",2017-03-01,1
"1318","ESMA",2017-04-01,3
"1319","ESMA",2017-05-01,2
"1320","ESMA",2017-06-01,10
"1321","ESMA",2017-07-01,11
"1322","ESMA",2017-08-01,4
"1323","ESMA",2017-09-01,2
"1324","ESMA",2017-10-01,1
"1325","ESMA",2017-11-01,3
"1326","ESMA",2017-12-01,10
"1327","ESMA",2018-01-01,12
"1328","ESMA",2018-02-01,5
"1329","ESMA",2018-03-01,2
"1330","ESMA",2018-04-01,2
"1331","ESMA",2018-05-01,3
"1332","ESMA",2018-06-01,0
"1333","ESMA",2018-07-01,0
"1334","ESMA",2018-08-01,2
"1335","ESMA",2018-09-01,4
"1336","ESMA",2018-10-01,2
"1337","ESMA",2018-11-01,3
"1338","ESMA",2018-12-01,1
"1339","ESMA",2019-01-01,3
"1340","ESMA",2019-02-01,17
"1341","ESMA",2019-03-01,6
"1342","ESMA",2019-04-01,3
"1343","ESMA",2019-05-01,4
"1344","ESMA",2019-06-01,5
"1345","ESMA",2019-07-01,4
"1346","ESMA",2019-08-01,5
"1347","ESMA",2019-09-01,3
"1348","ESMA",2019-10-01,2
"1349","ESMA",2019-11-01,0
"1350","ESMA",2019-12-01,2
"1351","ESMA",2020-01-01,3
"1352","ESMA",2020-02-01,2
"1353","ESMA",2020-03-01,2
"1354","ESMA",2020-04-01,0
"1355","ESMA",2020-05-01,2
"1356","ESMA",2020-06-01,5
"1357","ESMA",2020-07-01,3
"1358","ESMA",2020-08-01,0
"1359","ESMA",2020-09-01,7
"1360","ESMA",2020-10-01,2
"1361","ESMA",2020-11-01,6
"1362","ESMA",2020-12-01,1
"1363","ESMA",2021-01-01,4
"1364","ESMA",2021-02-01,7
"1365","ESMA",2021-03-01,5
"1366","ESMA",2021-04-01,1
"1367","ESMA",2021-05-01,0
"1368","ESMA",2021-06-01,1
"1369","EU-OSHA",2015-07-01,0
"1370","EU-OSHA",2015-08-01,0
"1371","EU-OSHA",2015-09-01,1
"1372","EU-OSHA",2015-10-01,0
"1373","EU-OSHA",2015-11-01,0
"1374","EU-OSHA",2015-12-01,0
"1375","EU-OSHA",2016-01-01,0
"1376","EU-OSHA",2016-02-01,0
"1377","EU-OSHA",2016-03-01,0
"1378","EU-OSHA",2016-04-01,0
"1379","EU-OSHA",2016-05-01,0
"1380","EU-OSHA",2016-06-01,0
"1381","EU-OSHA",2016-07-01,0
"1382","EU-OSHA",2016-08-01,0
"1383","EU-OSHA",2016-09-01,0
"1384","EU-OSHA",2016-10-01,1
"1385","EU-OSHA",2016-11-01,0
"1386","EU-OSHA",2016-12-01,0
"1387","EU-OSHA",2017-01-01,0
"1388","EU-OSHA",2017-02-01,0
"1389","EU-OSHA",2017-03-01,1
"1390","EU-OSHA",2017-04-01,1
"1391","EU-OSHA",2017-05-01,0
"1392","EU-OSHA",2017-06-01,0
"1393","EU-OSHA",2017-07-01,0
"1394","EU-OSHA",2017-08-01,0
"1395","EU-OSHA",2017-09-01,0
"1396","EU-OSHA",2017-10-01,1
"1397","EU-OSHA",2017-11-01,0
"1398","EU-OSHA",2017-12-01,0
"1399","EU-OSHA",2018-01-01,0
"1400","EU-OSHA",2018-02-01,0
"1401","EU-OSHA",2018-03-01,0
"1402","EU-OSHA",2018-04-01,1
"1403","EU-OSHA",2018-05-01,0
"1404","EU-OSHA",2018-06-01,0
"1405","EU-OSHA",2018-07-01,0
"1406","EU-OSHA",2018-08-01,0
"1407","EU-OSHA",2018-09-01,2
"1408","EU-OSHA",2018-10-01,0
"1409","EU-OSHA",2018-11-01,0
"1410","EU-OSHA",2018-12-01,0
"1411","EU-OSHA",2019-01-01,0
"1412","EU-OSHA",2019-02-01,0
"1413","EU-OSHA",2019-03-01,0
"1414","EU-OSHA",2019-04-01,0
"1415","EU-OSHA",2019-05-01,0
"1416","EU-OSHA",2019-06-01,0
"1417","EU-OSHA",2019-07-01,0
"1418","EU-OSHA",2019-08-01,0
"1419","EU-OSHA",2019-09-01,1
"1420","EU-OSHA",2019-10-01,0
"1421","EU-OSHA",2019-11-01,1
"1422","EU-OSHA",2019-12-01,0
"1423","EU-OSHA",2020-01-01,0
"1424","EU-OSHA",2020-02-01,0
"1425","EU-OSHA",2020-03-01,0
"1426","EU-OSHA",2020-04-01,0
"1427","EU-OSHA",2020-05-01,0
"1428","EU-OSHA",2020-06-01,0
"1429","EU-OSHA",2020-07-01,0
"1430","EU-OSHA",2020-08-01,0
"1431","EU-OSHA",2020-09-01,0
"1432","EU-OSHA",2020-10-01,0
"1433","EU-OSHA",2020-11-01,0
"1434","EU-OSHA",2020-12-01,0
"1435","EU-OSHA",2021-01-01,1
"1436","EU-OSHA",2021-02-01,0
"1437","EU-OSHA",2021-03-01,1
"1438","EU-OSHA",2021-04-01,1
"1439","EU-OSHA",2021-05-01,0
"1440","EU-OSHA",2021-06-01,0
"1441","EUIPO",2015-07-01,0
"1442","EUIPO",2015-08-01,1
"1443","EUIPO",2015-09-01,5
"1444","EUIPO",2015-10-01,2
"1445","EUIPO",2015-11-01,0
"1446","EUIPO",2015-12-01,0
"1447","EUIPO",2016-01-01,1
"1448","EUIPO",2016-02-01,2
"1449","EUIPO",2016-03-01,1
"1450","EUIPO",2016-04-01,4
"1451","EUIPO",2016-05-01,0
"1452","EUIPO",2016-06-01,0
"1453","EUIPO",2016-07-01,0
"1454","EUIPO",2016-08-01,1
"1455","EUIPO",2016-09-01,2
"1456","EUIPO",2016-10-01,0
"1457","EUIPO",2016-11-01,6
"1458","EUIPO",2016-12-01,1
"1459","EUIPO",2017-01-01,2
"1460","EUIPO",2017-02-01,2
"1461","EUIPO",2017-03-01,1
"1462","EUIPO",2017-04-01,0
"1463","EUIPO",2017-05-01,0
"1464","EUIPO",2017-06-01,2
"1465","EUIPO",2017-07-01,3
"1466","EUIPO",2017-08-01,0
"1467","EUIPO",2017-09-01,4
"1468","EUIPO",2017-10-01,2
"1469","EUIPO",2017-11-01,1
"1470","EUIPO",2017-12-01,3
"1471","EUIPO",2018-01-01,0
"1472","EUIPO",2018-02-01,3
"1473","EUIPO",2018-03-01,1
"1474","EUIPO",2018-04-01,1
"1475","EUIPO",2018-05-01,0
"1476","EUIPO",2018-06-01,6
"1477","EUIPO",2018-07-01,4
"1478","EUIPO",2018-08-01,0
"1479","EUIPO",2018-09-01,2
"1480","EUIPO",2018-10-01,1
"1481","EUIPO",2018-11-01,0
"1482","EUIPO",2018-12-01,0
"1483","EUIPO",2019-01-01,7
"1484","EUIPO",2019-02-01,2
"1485","EUIPO",2019-03-01,4
"1486","EUIPO",2019-04-01,0
"1487","EUIPO",2019-05-01,0
"1488","EUIPO",2019-06-01,6
"1489","EUIPO",2019-07-01,2
"1490","EUIPO",2019-08-01,0
"1491","EUIPO",2019-09-01,3
"1492","EUIPO",2019-10-01,2
"1493","EUIPO",2019-11-01,0
"1494","EUIPO",2019-12-01,1
"1495","EUIPO",2020-01-01,4
"1496","EUIPO",2020-02-01,1
"1497","EUIPO",2020-03-01,4
"1498","EUIPO",2020-04-01,1
"1499","EUIPO",2020-05-01,2
"1500","EUIPO",2020-06-01,2
"1501","EUIPO",2020-07-01,0
"1502","EUIPO",2020-08-01,1
"1503","EUIPO",2020-09-01,5
"1504","EUIPO",2020-10-01,4
"1505","EUIPO",2020-11-01,5
"1506","EUIPO",2020-12-01,1
"1507","EUIPO",2021-01-01,0
"1508","EUIPO",2021-02-01,3
"1509","EUIPO",2021-03-01,1
"1510","EUIPO",2021-04-01,2
"1511","EUIPO",2021-05-01,0
"1512","EUIPO",2021-06-01,2
"1513","EUROFOUND",2015-07-01,1
"1514","EUROFOUND",2015-08-01,0
"1515","EUROFOUND",2015-09-01,0
"1516","EUROFOUND",2015-10-01,0
"1517","EUROFOUND",2015-11-01,0
"1518","EUROFOUND",2015-12-01,0
"1519","EUROFOUND",2016-01-01,0
"1520","EUROFOUND",2016-02-01,0
"1521","EUROFOUND",2016-03-01,0
"1522","EUROFOUND",2016-04-01,0
"1523","EUROFOUND",2016-05-01,0
"1524","EUROFOUND",2016-06-01,0
"1525","EUROFOUND",2016-07-01,0
"1526","EUROFOUND",2016-08-01,0
"1527","EUROFOUND",2016-09-01,0
"1528","EUROFOUND",2016-10-01,0
"1529","EUROFOUND",2016-11-01,0
"1530","EUROFOUND",2016-12-01,1
"1531","EUROFOUND",2017-01-01,0
"1532","EUROFOUND",2017-02-01,0
"1533","EUROFOUND",2017-03-01,0
"1534","EUROFOUND",2017-04-01,0
"1535","EUROFOUND",2017-05-01,0
"1536","EUROFOUND",2017-06-01,0
"1537","EUROFOUND",2017-07-01,0
"1538","EUROFOUND",2017-08-01,0
"1539","EUROFOUND",2017-09-01,1
"1540","EUROFOUND",2017-10-01,1
"1541","EUROFOUND",2017-11-01,0
"1542","EUROFOUND",2017-12-01,1
"1543","EUROFOUND",2018-01-01,1
"1544","EUROFOUND",2018-02-01,0
"1545","EUROFOUND",2018-03-01,0
"1546","EUROFOUND",2018-04-01,0
"1547","EUROFOUND",2018-05-01,0
"1548","EUROFOUND",2018-06-01,0
"1549","EUROFOUND",2018-07-01,0
"1550","EUROFOUND",2018-08-01,0
"1551","EUROFOUND",2018-09-01,0
"1552","EUROFOUND",2018-10-01,0
"1553","EUROFOUND",2018-11-01,0
"1554","EUROFOUND",2018-12-01,1
"1555","EUROFOUND",2019-01-01,0
"1556","EUROFOUND",2019-02-01,0
"1557","EUROFOUND",2019-03-01,0
"1558","EUROFOUND",2019-04-01,0
"1559","EUROFOUND",2019-05-01,1
"1560","EUROFOUND",2019-06-01,1
"1561","EUROFOUND",2019-07-01,0
"1562","EUROFOUND",2019-08-01,0
"1563","EUROFOUND",2019-09-01,0
"1564","EUROFOUND",2019-10-01,0
"1565","EUROFOUND",2019-11-01,0
"1566","EUROFOUND",2019-12-01,0
"1567","EUROFOUND",2020-01-01,0
"1568","EUROFOUND",2020-02-01,0
"1569","EUROFOUND",2020-03-01,0
"1570","EUROFOUND",2020-04-01,0
"1571","EUROFOUND",2020-05-01,1
"1572","EUROFOUND",2020-06-01,1
"1573","EUROFOUND",2020-07-01,1
"1574","EUROFOUND",2020-08-01,0
"1575","EUROFOUND",2020-09-01,0
"1576","EUROFOUND",2020-10-01,1
"1577","EUROFOUND",2020-11-01,0
"1578","EUROFOUND",2020-12-01,0
"1579","EUROFOUND",2021-01-01,0
"1580","EUROFOUND",2021-02-01,0
"1581","EUROFOUND",2021-03-01,1
"1582","EUROFOUND",2021-04-01,0
"1583","EUROFOUND",2021-05-01,1
"1584","EUROFOUND",2021-06-01,0
"1585","FRA",2015-07-01,1
"1586","FRA",2015-08-01,0
"1587","FRA",2015-09-01,0
"1588","FRA",2015-10-01,1
"1589","FRA",2015-11-01,1
"1590","FRA",2015-12-01,0
"1591","FRA",2016-01-01,0
"1592","FRA",2016-02-01,0
"1593","FRA",2016-03-01,0
"1594","FRA",2016-04-01,1
"1595","FRA",2016-05-01,0
"1596","FRA",2016-06-01,2
"1597","FRA",2016-07-01,0
"1598","FRA",2016-08-01,0
"1599","FRA",2016-09-01,0
"1600","FRA",2016-10-01,2
"1601","FRA",2016-11-01,1
"1602","FRA",2016-12-01,0
"1603","FRA",2017-01-01,0
"1604","FRA",2017-02-01,0
"1605","FRA",2017-03-01,1
"1606","FRA",2017-04-01,0
"1607","FRA",2017-05-01,2
"1608","FRA",2017-06-01,2
"1609","FRA",2017-07-01,0
"1610","FRA",2017-08-01,0
"1611","FRA",2017-09-01,2
"1612","FRA",2017-10-01,2
"1613","FRA",2017-11-01,3
"1614","FRA",2017-12-01,0
"1615","FRA",2018-01-01,5
"1616","FRA",2018-02-01,1
"1617","FRA",2018-03-01,1
"1618","FRA",2018-04-01,1
"1619","FRA",2018-05-01,1
"1620","FRA",2018-06-01,0
"1621","FRA",2018-07-01,0
"1622","FRA",2018-08-01,1
"1623","FRA",2018-09-01,2
"1624","FRA",2018-10-01,0
"1625","FRA",2018-11-01,5
"1626","FRA",2018-12-01,6
"1627","FRA",2019-01-01,0
"1628","FRA",2019-02-01,4
"1629","FRA",2019-03-01,2
"1630","FRA",2019-04-01,2
"1631","FRA",2019-05-01,2
"1632","FRA",2019-06-01,3
"1633","FRA",2019-07-01,3
"1634","FRA",2019-08-01,0
"1635","FRA",2019-09-01,4
"1636","FRA",2019-10-01,2
"1637","FRA",2019-11-01,2
"1638","FRA",2019-12-01,0
"1639","FRA",2020-01-01,1
"1640","FRA",2020-02-01,1
"1641","FRA",2020-03-01,2
"1642","FRA",2020-04-01,2
"1643","FRA",2020-05-01,2
"1644","FRA",2020-06-01,8
"1645","FRA",2020-07-01,1
"1646","FRA",2020-08-01,0
"1647","FRA",2020-09-01,6
"1648","FRA",2020-10-01,1
"1649","FRA",2020-11-01,0
"1650","FRA",2020-12-01,2
"1651","FRA",2021-01-01,1
"1652","FRA",2021-02-01,1
"1653","FRA",2021-03-01,3
"1654","FRA",2021-04-01,5
"1655","FRA",2021-05-01,2
"1656","FRA",2021-06-01,4
"1657","FRONTEX",2015-07-01,27
"1658","FRONTEX",2015-08-01,136
"1659","FRONTEX",2015-09-01,161
"1660","FRONTEX",2015-10-01,136
"1661","FRONTEX",2015-11-01,92
"1662","FRONTEX",2015-12-01,118
"1663","FRONTEX",2016-01-01,84
"1664","FRONTEX",2016-02-01,115
"1665","FRONTEX",2016-03-01,102
"1666","FRONTEX",2016-04-01,148
"1667","FRONTEX",2016-05-01,51
"1668","FRONTEX",2016-06-01,56
"1669","FRONTEX",2016-07-01,34
"1670","FRONTEX",2016-08-01,40
"1671","FRONTEX",2016-09-01,45
"1672","FRONTEX",2016-10-01,49
"1673","FRONTEX",2016-11-01,20
"1674","FRONTEX",2016-12-01,35
"1675","FRONTEX",2017-01-01,47
"1676","FRONTEX",2017-02-01,32
"1677","FRONTEX",2017-03-01,44
"1678","FRONTEX",2017-04-01,58
"1679","FRONTEX",2017-05-01,52
"1680","FRONTEX",2017-06-01,44
"1681","FRONTEX",2017-07-01,115
"1682","FRONTEX",2017-08-01,47
"1683","FRONTEX",2017-09-01,40
"1684","FRONTEX",2017-10-01,12
"1685","FRONTEX",2017-11-01,16
"1686","FRONTEX",2017-12-01,16
"1687","FRONTEX",2018-01-01,30
"1688","FRONTEX",2018-02-01,37
"1689","FRONTEX",2018-03-01,28
"1690","FRONTEX",2018-04-01,17
"1691","FRONTEX",2018-05-01,26
"1692","FRONTEX",2018-06-01,153
"1693","FRONTEX",2018-07-01,103
"1694","FRONTEX",2018-08-01,47
"1695","FRONTEX",2018-09-01,91
"1696","FRONTEX",2018-10-01,41
"1697","FRONTEX",2018-11-01,18
"1698","FRONTEX",2018-12-01,36
"1699","FRONTEX",2019-01-01,31
"1700","FRONTEX",2019-02-01,21
"1701","FRONTEX",2019-03-01,32
"1702","FRONTEX",2019-04-01,19
"1703","FRONTEX",2019-05-01,32
"1704","FRONTEX",2019-06-01,30
"1705","FRONTEX",2019-07-01,23
"1706","FRONTEX",2019-08-01,35
"1707","FRONTEX",2019-09-01,28
"1708","FRONTEX",2019-10-01,25
"1709","FRONTEX",2019-11-01,29
"1710","FRONTEX",2019-12-01,22
"1711","FRONTEX",2020-01-01,19
"1712","FRONTEX",2020-02-01,22
"1713","FRONTEX",2020-03-01,119
"1714","FRONTEX",2020-04-01,17
"1715","FRONTEX",2020-05-01,15
"1716","FRONTEX",2020-06-01,15
"1717","FRONTEX",2020-07-01,18
"1718","FRONTEX",2020-08-01,15
"1719","FRONTEX",2020-09-01,33
"1720","FRONTEX",2020-10-01,27
"1721","FRONTEX",2020-11-01,40
"1722","FRONTEX",2020-12-01,47
"1723","FRONTEX",2021-01-01,70
"1724","FRONTEX",2021-02-01,41
"1725","FRONTEX",2021-03-01,40
"1726","FRONTEX",2021-04-01,35
"1727","FRONTEX",2021-05-01,45
"1728","FRONTEX",2021-06-01,62
"1729","SRB",2015-07-01,1
"1730","SRB",2015-08-01,0
"1731","SRB",2015-09-01,2
"1732","SRB",2015-10-01,0
"1733","SRB",2015-11-01,2
"1734","SRB",2015-12-01,3
"1735","SRB",2016-01-01,3
"1736","SRB",2016-02-01,3
"1737","SRB",2016-03-01,1
"1738","SRB",2016-04-01,1
"1739","SRB",2016-05-01,0
"1740","SRB",2016-06-01,1
"1741","SRB",2016-07-01,1
"1742","SRB",2016-08-01,0
"1743","SRB",2016-09-01,1
"1744","SRB",2016-10-01,2
"1745","SRB",2016-11-01,3
"1746","SRB",2016-12-01,3
"1747","SRB",2017-01-01,0
"1748","SRB",2017-02-01,0
"1749","SRB",2017-03-01,0
"1750","SRB",2017-04-01,2
"1751","SRB",2017-05-01,2
"1752","SRB",2017-06-01,57
"1753","SRB",2017-07-01,29
"1754","SRB",2017-08-01,13
"1755","SRB",2017-09-01,19
"1756","SRB",2017-10-01,6
"1757","SRB",2017-11-01,11
"1758","SRB",2017-12-01,19
"1759","SRB",2018-01-01,9
"1760","SRB",2018-02-01,23
"1761","SRB",2018-03-01,6
"1762","SRB",2018-04-01,4
"1763","SRB",2018-05-01,5
"1764","SRB",2018-06-01,12
"1765","SRB",2018-07-01,8
"1766","SRB",2018-08-01,10
"1767","SRB",2018-09-01,4
"1768","SRB",2018-10-01,3
"1769","SRB",2018-11-01,3
"1770","SRB",2018-12-01,2
"1771","SRB",2019-01-01,0
"1772","SRB",2019-02-01,1
"1773","SRB",2019-03-01,4
"1774","SRB",2019-04-01,5
"1775","SRB",2019-05-01,4
"1776","SRB",2019-06-01,2
"1777","SRB",2019-07-01,5
"1778","SRB",2019-08-01,0
"1779","SRB",2019-09-01,1
"1780","SRB",2019-10-01,1
"1781","SRB",2019-11-01,2
"1782","SRB",2019-12-01,2
"1783","SRB",2020-01-01,1
"1784","SRB",2020-02-01,1
"1785","SRB",2020-03-01,2
"1786","SRB",2020-04-01,2
"1787","SRB",2020-05-01,1
"1788","SRB",2020-06-01,1
"1789","SRB",2020-07-01,0
"1790","SRB",2020-08-01,1
"1791","SRB",2020-09-01,0
"1792","SRB",2020-10-01,9
"1793","SRB",2020-11-01,1
"1794","SRB",2020-12-01,0
"1795","SRB",2021-01-01,1
"1796","SRB",2021-02-01,0
"1797","SRB",2021-03-01,0
"1798","SRB",2021-04-01,0
"1799","SRB",2021-05-01,2
"1800","SRB",2021-06-01,0
